hit_id,x,y,z,volume_id,layer_id,module_id
1,-64.4099,-7.1637,-1502.5,7,2,1
2,-55.3361,0.635342,-1502.5,7,2,1
3,-83.8305,-1.14301,-1502.5,7,2,1
